{"AmzPSg2NxpzXh8DMveLq": 1771492348.321226, "full_frame": 1771491873.3043761}